the_geom,NAME,TEL,URL,ADDRESS1,ADDRES2,CITY,ZIP
 -73.99061840882582 40.75985115447559,45th Street Theater,(212) 352-3101,http://www.theatermania.com/new-york/theaters/45th-street-theatre_2278/,354 West 45th Street,,New York,10036
 -73.9881059525377 40.76047123447081,47th Street Theater,(800) 775-1617,http://www.bestofoffbroadway.com/theaters/47streettheatre.html,304 West 47th Street,,New York,10036
 -73.97038450260143 40.76339942774153,5.90E+60,(212) 753-5959,http://www.59e59.org/,59 East 59th Street,,New York,10022
 -73.99332384622063 40.7585366821068,Acorn Theater,(212) 279-4200,http://www.theatrerow.org/theacorn.htm,410 West 42nd Street,,New York,10036
 -73.9892143340222 40.75926091219353,Al Hirschfeld Theater,(212) 239-6200,http://www.newyorkcitytheatre.com/theaters/alhirschfeldtheater/theater.php,302 W 45th Street,,New York,10036
 -73.98500141035261 40.761258614543465,Ambassador Theatre,(800) 432-7565,http://www.shubertorganization.com/theatres/ambassador.asp,219 West 49th Street,,New York,10019
 -73.98804923812347 40.756778744642034,American Airlines Theatre,(212) 719-9393,http://www.newyorkcitytheatre.com/theaters/americanairlinestheater/theater.php,227 W 42nd Street,,New York,10036
 -73.95003984288864 40.81003732389831,Apollo Theater,(212) 531-5300,http://www.apollotheater.org/,253 West 125th Street,,New York,10027
 -73.98121028824352 40.77711991105619,Arclight Theatre,(212) 595-0355,http://www.nytheatre.com/nytheatre/arclight.htm,152 W 71st St,,New York,10023
 -73.99234386140574 40.7293774091894,Astor Place Theatre,(212) 254-4370,http://www.newyorkcitytheatre.com/theaters/astorplacetheater/theater.php,434 Lafayette St,Frnt,New York,10003
 -74.00155441083812 40.74388769285208,Atlantic Theatre,(212) 645-1242,http://www.atlantictheater.org/,336 W 20th St,,New York,10011
 -73.98419954033942 40.76337195930883,August Wilson Theatre,(212) 239-6200,http://www.newyorkcitytheatre.com/theaters/augustwilsontheater/theater.php,245 W 52nd Street,,New York,10019
 -74.00308826166064 40.732329478227996,Barrow Street Theatre,(212) 243-6262,http://www.barrowstreettheatre.com/index.asp,27 Barrow St,,New York,10014
 -73.98099283696455 40.78056072965963,Beacon Theatre,(212) 465-6500,http://www.beacontheatre.com/,2124 Broadway,,New York,10023
 -73.98378603872446 40.75665276831218,Belasco Theatre,(212) 944-3700,http://www.shubertorganization.com/theatres/belasco.asp,111 W 44th St,,New York,10036
 -73.98772366095284 40.75862947194397,Bernard B. Jacobs Theatre,(212) 944-3700,http://www.shubertorganization.com/theatres/bernard_b_jacobs.asp,242 W 45th Street,,New York,10036
 -73.9941751264985 40.72595304815785,Bleecker Street Theater,(212) 260-8250,http://www.45bleecker.com/,45 Bleecker Street,,New York,10012
 -73.98708845729641 40.75837297119638,Booth Theatre,(212) 944-3700,http://www.shubertorganization.com/theatres/booth.asp,222 W 45th St,,New York,10036
 -73.98762265805847 40.7582644097864,Broadhurst Theatre,(212) 944-3700,http://www.shubertorganization.com/theatres/broadhurst.asp,235 W 44th St,,New York,10036
 -73.98335054631019 40.763270202723625,Broadway Theatre,(212) 944-3700,http://www.shubertorganization.com/theatres/broadway.asp,1681 Broadway,,New York,10019
 -73.98698342692427 40.75995784629166,Brooks Atkinson Theatre,(212) 719-4099,http://www.brooksatkinsontheater.com/,256 W 47th St,,New York,10036
 -73.99696366480416 40.76060535386334,Castillo Theater,(212) 941-9400,http://www.castillo.org/,543 West 42nd Street,,New York,10036
 -73.98888987417567 40.73516747649935,Century Center For the Performing Arts,(212) 239-6200,http://www.theatermania.com/new-york/theaters/century-center-for-the-performing-arts_59/,111 E 15th St,,New York,10003
 -74.00531118864133 40.73126210531373,Cherry Lane Theatre,(212) 989-2020¿,http://cherrylanetheatre.org/,38 Commerce Street,,New York,10014
 -73.98454846724013 40.7620294570833,Circle In the Square Theatre,(212) 307-0388,http://www.circlesquare.org/,1633 Broadway,,New York,10019
 -73.98361167544834 40.72357458833006,Connelly Theater,(212) 982-2287,http://www.connellycenter.org/theatre.htm,220 E 4th St,,New York,10009
 -73.98305628861287 40.759117443725735,Cort Theatre,(212) 944-3700,http://www.shubertorganization.com/theatres/cort.asp,138 W 48th St,,New York,10036
 -73.98936976592013 40.73528280097754,Daryl Roth Theatre,(212) 375-1110,http://www.darylroththeatre.com/,101 E 15th St,,New York,10003
 -73.98817225074761 40.75682251401904,Duke Theatre,(646) 223-3010,http://www.new42.org/duke/duke_home.aspx,229 W. 42nd St,,New York,10036
 -73.98289838910983 40.76380679125535,Ed Sullivan Theater,(212) 975-4321,http://www.newyorkcitytheatre.com/theaters/edsullivantheater/theater.php,1697 Broadway,,New York,10019
 -73.98615677726568 40.76010047723625,Ethel Barrymore Theatre,(212) 944-3700,http://www.shubertorganization.com/theatres/ethel_barrymore.asp,243 West 47th Street,,New York,10036
 -73.98576310963361 40.761077557651895,Eugene O'Neill Theater,(888) VISIT-NY,http://www.ibdb.com/venue.php?id=1158,230 W 49th St,,New York,10019
 -73.99363928115454 40.72667007536653,Gene Frankel Theatre Workshop,(212) 777-1767,http://www.genefrankel.com/presentation_content.html,24 Bond St,,New York,10012
 -73.98742769449645 40.7585059264205,Gerald Schoenfeld Theatre,(212) 944-3700,http://www.shubertorganization.com/theatres/gerald_schoenfeld.asp,236 W 45th Street,,New York,10036
 -73.98515837240934 40.76242129385231,Gershwin Theatre,(212) 586-6510,http://www.gershwintheatre.com/,222 W 51st St,,New York,10019
 -73.9825777128951 40.74165281725965,Gramercy Arts Theatre,(212) 889-2850,http://www.theatermania.com/new-york/theaters/gramercy-arts-theatre_657/,138 E 27th St,,New York,10016
 -74.0086229506248 40.7272929872204,Greenwich Street Theater,(888) VISIT-NY,http://www.theatermania.com/new-york/theaters/greenwich-street-theatre_196/,547 Greenwich St,,New York,10013
 -73.99342333607564 40.75853551489779,Harold Clurman Theater,(888) VISIT-NY,http://www.theatermania.com/new-york/theaters/harold-clurman-theater_695/,412 W 42nd St,,New York,10036
 -73.98783930834124 40.75786370056241,Helen Hayes Theater,(212) 944-9450,http://www.nytheatre.com/nytheatre/hayes.htm,240 W 44th St,,New York,10036
 -73.98471393486172 40.75556597677324,Henry Miller Theatre,(212) 719-1300,http://www.roundabouttheatre.org/hmt/,124 W 43rd St,,New York,10036
 -74.00494630981744 40.72512759155801,Here Theater,(212) 352-3101,http://www.here.org,145 6th Avenue,,New York,10013
 -73.98761935995667 40.75659285992755,Hilton Theatre,(212) 556-4750,http://www.hiltontheatre.com/home.php?size=1280,214 W 43rd Street,,New York,10036
 -73.98734087596033 40.75894905320539,Imperial Theatre,(212) 944-3700,http://www.shubertorganization.com/theatres/imperial.asp,249 W 45th St,,New York,10036
 -74.00932442928037 40.73829939806719,Jane Street Theatre,(212) 924-8404,http://www.nyc.com/arts__attractions/jane_street_theatre.98884/editorial_review.aspx,113 Jane St,,New York,10014
 -73.98796548938121 40.75872007426365,John Golden Theatre,(212) 944-3700,http://www.shubertorganization.com/theatres/john_golden.asp,252 W 45th St,,New York,10036
 -73.98789903280681 40.76688567580885,Julia Miles Theater,(212) 757-3900,http://www.womensproject.org/julia_miles_theater.htm,424 W 55th St,,New York,10019
 -73.9898004922213 40.72659020108496,Kraine Theater,(888) VISIT-NY,http://www.httheater.org/rentersKRAINE.html,85 E 4th Street,,New York,10003
 -73.99020241681514 40.72632769963496,La Mama Experimental Theatre,(212) 475-7710,http://www.lamama.org/,74A East 4th St,,New York,10003
 -73.9845837801045 40.75649368325729,Lamb's Theatre,(212) 302-7847,http://www.lambstheatre.org/,130 W 44th St,,New York,10036
 -73.9824399583143 40.75786783420392,Laura Pels Theater,(212) 719-9393,http://www.nytheatre.com/nytheatre/venue.php?t=laurapels,111 W 46th Street,,New York,10001
 -73.99342996751913 40.75845600118543,Lion Theatre,(212) 714-2442,http://www.nytheatre.com/nytheatre/venue.php?t=lion,410 W 42nd St,,New York,10036
 -73.98597262959564 40.76035022623389,Longacre Theatre,(212) 944-3700,http://www.shubertorganization.com/theatres/longacre.asp,220 W 48th St,,New York,10036
 -74.0057443463025 40.73335633167908,Lucille Lortel Theatre,(212) 924-8782,http://www.lortel.org/llt_theater/,121 Christopher St,,New York,10014
 -73.98591873041272 40.759180958639,Lunt-Fontanne Theatre,(212) 575-9200,http://www.luntfontannetheatre.com/,205 W 46th St,,New York,10036
 -73.98452950858237 40.75777478125931,Lyceum Theatre,(212) 944-3700,http://www.shubertorganization.com/theatres/lyceum.asp,149 W 45th St,,New York,10036
 -73.98801246892573 40.75841266782391,Majestic Theatre,(212) 944-3700,http://www.shubertorganization.com/theatres/majestic.asp,245 W 44th St,,New York,10036
 -74.00120856050414 40.721987687822704,Manhattan Ensemble Theatre,(212) 925-1900,http://www.met.com/,55 Mercer St,,New York,10013
 -73.9984046343471 40.73282809021791,Manhattan Theatre Source,(212) 260-4698,http://www.theatresource.org/index.htm,177 MacDougal St,Frnt,New York,10011
 -73.98589651327984 40.7585116052983,Marquis Theatre,(212) 382-0100,http://www.marquistheatre.com/,1535 Broadway,,New York,10036
 -73.98835232341061 40.71398064048623,Mazer Theatre,(212) 780-2300,http://www.newyorkcitytheatre.com/theaters/mazertheater/location.php,197 E Broadway,,New York,10002
 -73.98055520583067 40.78180729924115,McGinn Cazale Theater,(212) 787-3242,http://www.theatermania.com/broadway/theaters/mcginncazale-theater_186/,2162 Broadway,,New York,10024
 -73.98366127503361 40.72349764533098,Metropolitan Playhouse,(212) 995-8410,http://www.metropolitanplayhouse.org/,220 E 4th St,,New York,10009
 -74.00509727556909 40.711356500121944,Michael Schimmel Center for the Arts at Pace University,(800) 874-7223,http://www.pace.edu/page.cfm?doc_id=26266,3 Spruce Street,,New York,10038
 -73.96346045582304 40.807586707391195,Miller Theatre at Columbia University,(212) 854-7799,http://www.millertheatre.com/,2960 Broadway,,New York,10027
 -73.98605419441054 40.7579233360297,Minskoff Theatre,(212) 869-0550,http://www.minskofftheatre.com/,1515 Broadway,Lbby,New York,10036
 -73.98714246124487 40.7588874146744,Music Box Theatre,(212) 944-3700,http://www.shubertorganization.com/theatres/music_box.asp,239 W 45th St,,New York,10036
 -73.98830897127951 40.755486799823906,Nederlander Theater,(212) 921-8000,http://nederlandertheatre.com/,208 W 41st St,,New York,10036
 -73.98452812145446 40.76301793173241,Neil Simon Theatre,(212) 757-8646,http://www.neilsimontheatre.com/,250 W 52nd St,,New York,10019
 -73.9877630076589 40.75612046652384,New Amsterdam Theater,(212) 282-2900,http://www.newamsterdamtheatre.net/index.htm,214 W 42nd St,,New York,10036
 -73.98746415730906 40.75655716099295,New Victory Theatre,(646) 223-3010,http://www.newvictory.org/,209 West 42nd Street,,New York,10036
 -73.98786703441492 40.76237395668448,New World Stages,(646) 871-1730,http://www.newworldstages.com/,340 West 50th Street,,New York,10019
 -74.00658864051292 40.735621467140966,Next Stage Theater,(888) VISIT-NY,http://www.newyorkcitytheatre.com/theaters/nextstagetheater/location.php,312 West 11th Street,,New York,10014
 -73.98621794461265 40.757678172894884,Nokia Theatre Times Square,(212) 930-1959,http://nokiatheatrenyc.com/,1515 Broadway,,New York,10036
 -74.00161141394004 40.72327983890941,Ohio Theatre,(212) 966-4844,http://www.sohothinktank.org/index.html,66 Wooster Street,,New York,10012
 -74.00567108963654 40.720546556543276,Ontological Hysteric Theater,(212) 941-8911,http://www.ontological.com/,260 W Broadway,,New York,10013
 -73.95400942533547 40.77945537812588,Orpheum Theater,(212) 828-9738,http://www.orpheum-theater.com/,1538 3rd Ave,,New York,10028
 -73.98453728003108 40.728218122202,P.S.122 Performance Space,(212) 477-5288,http://www.ps122.org/,150 1st Ave,,New York,10003
 -73.98447031550603 40.758889926706715,Palace Theatre,(212) 730-8200,http://www.palacetheatreonbroadway.com/,1564 Broadway,,New York,10036
 -73.98579977557452 40.727559019006584,Pearl Theatre,(212) 505-3401,http://www.pearltheatre.org/,80 Saint Marks Pl,,New York,10003
 -73.99228995399157 40.74736717975171,People's Improv Theater,(212) 563-7488,http://www.thepit-nyc.com/,154 W 29th St,,New York,10001
 -73.9922209999171 40.729488634445005,Playwrights Horizons Theater School,(212) 529-8720,http://www.phtschool.org/,440 Lafayette St,,New York,10003
 -73.84455209627207 40.74397928445518,Queens Theatre in the Park,(718) 760-0064,http://www.queenstheatre.org/web/,Flushing Meadows Corona Park,,Queens,11352
 -74.00203650279532 40.73617406719814,Rattlestick Theater,(212) 627-2556,http://www.rattlestick.org/,224 Waverly Pl,,New York,10014
 -73.9867417603334 40.75903833018236,Richard Rodgers Theatre,(212) 221-1211,http://www.richardrodgerstheatre.com/,226 W 46th Street,,New York,10036
 -73.98674510476694 40.76037502090257,Samuel J. Friedman Theatre (formerly the Biltmore),(888) VISIT-NY,http://www.theatermania.com/broadway/theaters/samuel-j-friedman-theatre_7420/,261 W 47th St,,New York,10036
 -73.98973789241076 40.758239914427065,Second Stage Theater,(212) 246-4422,http://www.2st.com/,307 W 43rd St,,New York,10036
 -73.98723930549964 40.758137611181176,Shubert Theatre,(212) 944-3700,http://www.shubertorganization.com/theatres/shubert.asp,225 W 44th St,Lbby,New York,10036
 -73.98442891934225 40.76141062139737,Snapple Theater Center,(212) 921-7862,http://www.nytheatre.com/nytheatre/venue.php?t=snapple,1627 Broadway,,New York,10019
 -74.00436193722095 40.72653567529159,SoHo Playhouse,(212) 691-1555,http://www.sohoplayhouse.com/,15 Vandam St,,New York,10013
 -74.00472935248527 40.718230021804324,SoHo Repertory Theatre,(212) 941-8632,http://www.sohorep.org/,86 Franklin St,,New York,10013
 -73.98816053699704 40.75799822657315,St. James Theatre,(888) VISIT-NY,http://www.stjames-theater.com/?gclid=CPWjnLTO9p0CFcZM5QodoUaupw,246 W 44th St,Lbby,New York,10036
 -73.98377095865544 40.76435408364673,Studio 54 Theatre,(212) 719-1300,http://www.roundabouttheatre.org/ot_54.htm,254 W 54th Street,,New York,10019
 -73.97037578132182 40.77996630281343,Swedish Cottage Marionette Theater,(212) 988-9093,http://www.nycgovparks.org/sub_about/parks_divisions/historic_houses/hh_swedish_cottage.html,West Side at 79th Street,,New York,10025
 -73.99027790676004 40.71854810051081,Tenement Theatre,(212) 431-0233,http://www.tenement.org/prog_theater.html,97 Orchard Street,,New York,10002
 -73.99374147365816 40.75868460666427,The Beckett Theatre,(212) 714-2442,http://www.theatrerow.org/thebeckett.htm,410 W 42 St,9 Ave,New York,10036
 -74.00902180098625 40.73645809825258,The Cherry Pit,(212) 633-6533,http://www.cherrylanetheatre.org/,155 Bank St,,New York,10014
 -73.99391778593146 40.75855311297125,The Little Shubert theatre,(212) 944-3700,http://www.shubertorganization.com/theatres/little_shubert.asp,422 West 42nd Street,,New York,10036
 -73.99177371983643 40.72892340209371,The Public Theater,(212) 260-2400,http://www.publictheater.org/,425 Lafayette St,,New York,10003
 -73.94482123207857 40.74890599748924,The Secret Theatre,(718) 392-0722,http://www.secrettheatre.com/,44-02 23rd St.,,Long Island City,11101
 -73.9973874129749 40.747653594271554,The Upright Citizens Brigade Theatre,(212) 366-9176,http://www.ucbtheatre.com/,307 W 26th Street,,New York,10001
 -73.98424386556361 40.774102169778494,The Walter Reade Theater at Lincoln Center,(212) 875-5600,http://www.filmlinc.com/wrt/wrt.html,70 Lincoln Center Plaza,,New York,10023
 -73.99403364237084 40.75467479348333,The Zipper Theater,(212) 563-0480,http://www.yelp.com/biz/the-zipper-theater-new-york,336 W 37th St,,New York,10018
 -73.98498034698733 40.72869278070282,Theater For The New City,(212) 254-1109,http://www.theaterforthenewcity.net/,155 1st Avenue,,New York,10003
 -73.99157114995049 40.76156669374937,Theatre @ St. Clement's,(212) 246-7277,http://www.stclementsnyc.org/,423 West 46th Street,,New York,10036
 -73.98575178908337 40.72762096989025,Theatre 80 St Marks,(212) 353-3321,http://www.theatermania.com/new-york/theaters/theater-80_3446/,80 Saint Marks Pl,,New York,10003
 -73.99389624316413 40.75872836920871,Theatre Row,(212) 714-2442,http://www.theatrerow.org/,410 W 42nd Street,,New York,10036
 -73.98496483499095 40.72728974704827,Under St. Marks,(212) 777-6088,http://www.httheater.org/rentersUNDER.html,94 St. Marks Place,,New York,10009
 -73.98874896687076 40.73624066126629,Union Square Theater,(212) 505-0700,http://www.nytheatre.com/nytheatre/union.htm,100 E 17th St,,New York,10003
 -74.00022350602671 40.728455101424615,Village Theater,(212) 253-0623,http://www.villagetheatre.org/,158 Bleecker St,,New York,10012
 -73.98918917658457 40.73469974282689,Vineyard Theatre,(212) 353-3366,http://www.vineyardtheatre.org/,108 E 15th St,,New York,10003
 -74.00351370204922 40.71931150109748,Walkerspace Theater,(212) 868-4444,http://www.theateronline.com/venuebook.xzc?PK=238&View=Hist,46 Walker Street,,New York,10013
 -73.99339518921583 40.75049725404502,Wamu Theater (formerly Theater At Madison Square Garden),(212) 465-6741,http://www.theateratmsg.com/,4 Penn Plaza,,New York,10001
 -73.99255324047746 40.759527416110735,Westside Theater,(212) 315-2244,http://www.westsidetheatre.com/,407 W 43rd St,,New York,10036
 -74.0088925664614 40.73239903762212,Wings Theatre,(212) 627-2960,http://www.wingstheatre.com/,154 Christopher St,Bsmt,New York,10014
 -73.98348163057112 40.761524646280805,Winter Garden Theatre,(212) 944-3700,http://www.shubertorganization.com/theatres/winter_garden.asp,1634 Broadway,,New York,10019
 -73.96997885915609 40.758357229201536,York Theatre,(212) 935-5820,http://www.yorktheatre.org/,619 Lexington Ave,,New York,10022
 -73.9688248050205 40.78017563530363,Delacorte Theater,(212) 861-7277,http://www.centralpark.com/pages/attractions/delacorte-theatre.html,Central Park - Mid-Park at 80th Street,SW corner of the Great Lawn,New York,0